model,variant,ValidGPT4,ValidTrained,PPL,Acc,DeltaProb
Qwen/Qwen3-8B,+ITI,35.294117647058826,58.8235294117647,4.3175241496053856,31.862745098039216,3.9610138598359583
Qwen/Qwen3-8B,+LCF,47.05882352941177,76.47058823529412,2.0150306635101227,31.372549019607842,7.8326186016125
Qwen/Qwen3-8B,original,47.05882352941177,82.3529411764706,3.8003204361969045,31.862745098039216,3.9610138598359583
meta-llama/Llama-2-7b-chat-hf,+LCF,29.41176470588235,100.0,2.2628340901513893,26.96078431372549,2.4400809332160582
meta-llama/Llama-2-7b-chat-hf,original,35.294117647058826,100.0,3.83195475053275,39.21568627450981,4.85104634816754
