{
  "baseline": {
    "accuracy": 69.6078431372549,
    "delta_prob": 0.3438579993066834,
    "n": 204
  },
  "lcf": {
    "accuracy": 63.725490196078425,
    "delta_prob": 0.3004739302046159,
    "n": 204
  }
}